rank,outlet_id,name,type,R,S,D,I_mean_item,best_item_I,confidence,n_items,n_scored,r_people,reach_raw,reach_unit,reach_flag,reach_source,reach_source_url,reach_date,r_basis,url
1,abc_news,ABC News,tv,0.031298,0.133375,0.487500,0.00199464,0.00287939,high,8,8,8200000.000000,8200000.000000,avg_total_viewers_flagship_newscast,ok,Nielsen via Deadline (Q2 2026),https://deadline.com/2026/07/news-ratings-second-quarter-2026-1236973367/,2026-Q2,programme average viewers x TV_SEGMENT_SHARE (US-only by construction),https://abcnews.com
2,nbc_news,NBC News,tv,0.024237,0.125500,0.395238,0.00117346,0.00135523,high,7,7,6350000.000000,6350000.000000,avg_total_viewers_flagship_newscast,ok,Nielsen via Deadline (Q2 2026),https://deadline.com/2026/07/news-ratings-second-quarter-2026-1236973367/,2026-Q2,programme average viewers x TV_SEGMENT_SHARE (US-only by construction),https://www.nbcnews.com
3,cbs_news,CBS News,tv,0.014885,0.117750,0.504167,0.00087564,0.00138435,high,8,8,3900000.000000,3900000.000000,avg_total_viewers_flagship_newscast,ok,Nielsen via Deadline (Q2 2026),https://deadline.com/2026/07/news-ratings-second-quarter-2026-1236973367/,2026-Q2,programme average viewers x TV_SEGMENT_SHARE (US-only by construction),https://www.cbsnews.com
4,marketplace,Marketplace (APM),radio,0.011298,0.135375,0.466667,0.00070959,0.00119756,high,8,8,2960000.000000,14800000.000000,weekly_listeners,secondary,Talkers estimate via Wikipedia (List of most-listened-to radio programs),https://en.wikipedia.org/wiki/List_of_most-listened-to_radio_programs,,weekly cume / RADIO_EPISODES_PER_WEEK (US-only by construction); cume overlap not modelled,https://www.marketplace.org/
5,mark_levin_show,The Mark Levin Show,radio,0.00916031,0.093800,0.640000,0.00055133,0.00060626,medium,5,5,2400000.000000,12000000.000000,weekly_listeners,secondary,Talkers estimate via Wikipedia (List of most-listened-to radio programs),https://en.wikipedia.org/wiki/List_of_most-listened-to_radio_programs,,weekly cume / RADIO_EPISODES_PER_WEEK (US-only by construction); cume overlap not modelled,https://www.marklevinshow.com/
6,npr_news,NPR News (Morning Edition / All Things Considered),radio,0.011221,0.085187,0.433333,0.00040191,0.00075856,high,8,8,2940000.000000,14700000.000000,weekly_listeners,secondary,Talkers estimate via Wikipedia (List of most-listened-to radio programs),https://en.wikipedia.org/wiki/List_of_most-listened-to_radio_programs,,weekly cume / RADIO_EPISODES_PER_WEEK (US-only by construction); cume overlap not modelled,https://www.npr.org/
7,clay_and_buck,The Clay Travis & Buck Sexton Show,radio,0.00744275,0.091563,0.537500,0.00036125,0.00056751,high,8,8,1950000.000000,9750000.000000,weekly_listeners,secondary,Talkers estimate via Wikipedia (The Clay Travis and Buck Sexton Show),https://en.wikipedia.org/wiki/The_Clay_Travis_and_Buck_Sexton_Show,2024-05,weekly cume / RADIO_EPISODES_PER_WEEK (US-only by construction); cume overlap not modelled,https://www.clayandbuck.com/
8,fox_news,Fox News Channel,cable,0.00568702,0.130187,0.429167,0.00034033,0.00055998,high,8,8,1490000.000000,1490000.000000,avg_total_day_viewers,ok,Nielsen via MediaPost (July 2026 monthly),https://www.mediapost.com/publications/article/416906/ms-now-cnn-newsnation-viewing-up-in-july.html,2026-07,programme average viewers x TV_SEGMENT_SHARE (US-only by construction),https://www.foxnews.com
9,brian_tyler_cohen,Brian Tyler Cohen (No Lie),podcast,0.00400000,0.128500,0.533333,0.00027413,0.00027413,low,1,1,1048000.000000,5240000.000000,youtube_subscribers,ok,YouTube channel page (public count),https://www.youtube.com/channel/UCQANb2YPwAtK-IQJrLaaUFw/about,2026-09-03,subscribers x PODCAST_EPISODE_VIEW_RATE x (1 + PODCAST_AUDIO_MULTIPLE) (UNADJUSTED: no public country split for this platform),https://plus.briantylercohen.com/
10,hugh_hewitt_show,The Hugh Hewitt Show,radio,0.00572519,0.067063,0.537500,0.00020750,0.00046412,high,8,8,1500000.000000,7500000.000000,weekly_listeners,secondary,Talkers estimate via Wikipedia (List of most-listened-to radio programs),https://en.wikipedia.org/wiki/List_of_most-listened-to_radio_programs,,weekly cume / RADIO_EPISODES_PER_WEEK (US-only by construction); cume overlap not modelled,https://hughhewitt.com/
11,louder_with_crowder,Louder with Crowder,podcast,0.00451145,0.093583,0.472222,0.00019657,0.00025219,high,6,6,1182000.000000,5910000.000000,youtube_subscribers,ok,YouTube channel page (public count),https://www.youtube.com/channel/UCIveFvW-ARp_B_RckhweNJw/about,2026-09-03,subscribers x PODCAST_EPISODE_VIEW_RATE x (1 + PODCAST_AUDIO_MULTIPLE) (UNADJUSTED: no public country split for this platform),https://www.louderwithcrowder.com/
12,rubin_report,The Rubin Report,podcast,0.00245802,0.139500,0.500000,0.00017145,0.00017145,low,1,1,644000.000000,3220000.000000,youtube_subscribers,ok,YouTube channel page (public count),https://www.youtube.com/channel/UCJdKr0Bgd_5saZYqLCa9mng/about,2026-09-03,subscribers x PODCAST_EPISODE_VIEW_RATE x (1 + PODCAST_AUDIO_MULTIPLE) (UNADJUSTED: no public country split for this platform),https://rubinreport.locals.com/
13,msnbc,MS NOW (formerly MSNBC),cable,0.00241603,0.129688,0.516667,0.00016169,0.00026423,high,8,8,633000.000000,633000.000000,avg_total_day_viewers,ok,Nielsen via MediaPost (July 2026 monthly),https://www.mediapost.com/publications/article/416906/ms-now-cnn-newsnation-viewing-up-in-july.html,2026-07,programme average viewers x TV_SEGMENT_SHARE (US-only by construction),https://www.ms.now
14,pbs_newshour,PBS News Hour,tv,0.00336641,0.104750,0.466667,0.00015797,0.00031655,high,8,8,882000.000000,882000.000000,avg_total_viewers_flagship_newscast,stale,Nielsen via Pew Research Center chart (2022 annual average),https://www.pewresearch.org/chart/sotnm-public-media-pbs-newshour-viewership/,2022,programme average viewers x TV_SEGMENT_SHARE (US-only by construction),https://www.pbs.org/newshour/
15,telemundo_noticias,Noticias Telemundo,tv,0.00549618,0.081437,0.300000,0.00013817,0.00021847,high,8,8,1440000.000000,1440000.000000,avg_total_viewers_flagship_newscast,ok,Nielsen via The Desk (week ending 2026-07-12),https://thedesk.net/2026/07/telemundo-fifa-world-cup-ratings-univision/,2026-07-12,programme average viewers x TV_SEGMENT_SHARE (US-only by construction),https://www.telemundo.com/noticias
16,majority_report,The Majority Report with Sam Seder,podcast,0.00159542,0.129562,0.545833,0.00011313,0.00016273,high,8,8,418000.000000,2090000.000000,youtube_subscribers,ok,YouTube channel page (public count),https://www.youtube.com/channel/UC-3jIAlnQmbbVMV6gR7K8aQ/about,2026-09-03,subscribers x PODCAST_EPISODE_VIEW_RATE x (1 + PODCAST_AUDIO_MULTIPLE) (UNADJUSTED: no public country split for this platform),https://majorityreportradio.com/
17,cnn,CNN,cable,0.00176718,0.118813,0.487500,0.00010331,0.00012441,high,8,8,463000.000000,463000.000000,avg_total_day_viewers,ok,Nielsen via MediaPost (July 2026 monthly),https://www.mediapost.com/publications/article/416906/ms-now-cnn-newsnation-viewing-up-in-july.html,2026-07,programme average viewers x TV_SEGMENT_SHARE (US-only by construction),https://www.cnn.com
18,charlie_kirk_show,The Charlie Kirk Show,podcast,0.00448855,0.059900,0.386667,0.00010328,0.00020827,medium,5,5,1176000.000000,5880000.000000,youtube_subscribers,ok,YouTube channel page (public count),https://www.youtube.com/channel/UCfaIu2jO-fppCQV_lchCRIQ/about,2026-09-03,subscribers x PODCAST_EPISODE_VIEW_RATE x (1 + PODCAST_AUDIO_MULTIPLE) (UNADJUSTED: no public country split for this platform),https://thecharliekirkshow.com/
19,bulwark_podcast,The Bulwark Podcast (now The Bulwark Daily),podcast,0.00133588,0.141625,0.525000,0.00009935,0.00012150,high,8,8,350000.000000,1750000.000000,youtube_subscribers,ok,YouTube channel page (public count),https://www.youtube.com/channel/UCG4Hp1KbGw4e02N7FpPXDgQ/about,2026-09-03,subscribers x PODCAST_EPISODE_VIEW_RATE x (1 + PODCAST_AUDIO_MULTIPLE) (UNADJUSTED: no public country split for this platform),https://www.thebulwark.com/s/bulwarkpodcast
20,univision_noticias,N+ Univision (Noticias Univision),tv,0.00480916,0.055333,0.416667,0.00009331,0.00016159,high,6,6,1260000.000000,1260000.000000,avg_total_viewers_flagship_newscast,ok,Nielsen via The Desk (week ending 2026-07-12),https://thedesk.net/2026/07/telemundo-fifa-world-cup-ratings-univision/,2026-07-12,programme average viewers x TV_SEGMENT_SHARE (US-only by construction),https://www.univision.com/noticias
21,megyn_kelly_show,The Megyn Kelly Show,podcast,0.00316794,0.047286,0.538095,0.00008234,0.00020718,high,7,7,830000.000000,4150000.000000,youtube_subscribers,ok,YouTube channel page (public count),https://www.youtube.com/channel/UCzJXNzqz6VMHSNInQt_7q6w/about,2026-09-03,subscribers x PODCAST_EPISODE_VIEW_RATE x (1 + PODCAST_AUDIO_MULTIPLE) (UNADJUSTED: no public country split for this platform),https://www.megynkelly.com/
22,breaking_points,Breaking Points,podcast,0.00159542,0.100333,0.400000,0.00007112,0.00012069,medium,3,3,418000.000000,2090000.000000,youtube_subscribers,ok,YouTube channel page (public count),https://www.youtube.com/channel/UCDRIjKy6eZOvKtOELtTdeUA/about,2026-09-03,subscribers x PODCAST_EPISODE_VIEW_RATE x (1 + PODCAST_AUDIO_MULTIPLE) (UNADJUSTED: no public country split for this platform),https://breakingpoints.supercast.com/
23,lex_fridman_podcast,Lex Fridman Podcast,podcast,0.00384733,0.028000,0.500000,0.00005386,0.00005386,low,1,1,1008000.000000,5040000.000000,youtube_subscribers,ok,YouTube channel page (public count),https://www.youtube.com/channel/UCSHZKyawb77ixDdsGog4iWA/about,2026-09-03,subscribers x PODCAST_EPISODE_VIEW_RATE x (1 + PODCAST_AUDIO_MULTIPLE) (UNADJUSTED: no public country split for this platform),https://lexfridman.com/podcast/
24,nyt,The New York Times,print_digital,0.00157548,0.147437,0.237500,0.00004958,0.00008655,high,8,8,412775.000000,330220000.000000,monthly_visits_semrush,ok,Semrush website overview (US visits),https://www.semrush.com/website/nytimes.com/overview/,2026-07,monthly visits / DIGITAL_ITEMS_PER_MONTH (already US-only (Semrush country split)); a visit is not a read,https://www.nytimes.com/
25,fox_business,Fox Business,cable,0.00055725,0.138750,0.437500,0.00003213,0.00004564,high,8,8,146000.000000,146000.000000,avg_total_day_viewers,self_reported,"Nielsen via Fox Business press release (Q2 2026, M-F total day)",https://press.foxnews.com/2026/07/fox-business-network-secures-seventh-straight-quarterly-win-outpacing-cnbc-in-business-day-and-total-day-during-2q-2026,2026-Q2,programme average viewers x TV_SEGMENT_SHARE (US-only by construction),https://www.foxbusiness.com
26,guardian_us,The Guardian US,print_digital,0.00034098,0.154313,0.525000,0.00002780,0.00004386,high,8,8,89337.500000,71470000.000000,monthly_visits_semrush,ok,Semrush website overview (US visits),https://www.semrush.com/website/theguardian.com/overview/,2026-07,monthly visits / DIGITAL_ITEMS_PER_MONTH (already US-only (Semrush country split)); a visit is not a read,https://www.theguardian.com/us
27,verdict_ted_cruz,Verdict with Ted Cruz,podcast,0.00035191,0.118313,0.525000,0.00002120,0.00002991,high,8,8,92200.000000,461000.000000,youtube_subscribers,ok,YouTube channel page (public count),https://www.youtube.com/channel/UCdlniljY9Zfz990G8WeOosg/about,2026-09-03,subscribers x PODCAST_EPISODE_VIEW_RATE x (1 + PODCAST_AUDIO_MULTIPLE) (UNADJUSTED: no public country split for this platform),https://www.youtube.com/@VerdictwithTedCruz
28,cnbc,CNBC,cable,0.00054580,0.103250,0.391667,0.00002061,0.00003238,medium,4,4,143000.000000,143000.000000,avg_total_day_viewers,ok,"Nielsen via Fox Business press release (Q2 2026, M-F total day)",https://press.foxnews.com/2026/07/fox-business-network-secures-seventh-straight-quarterly-win-outpacing-cnbc-in-business-day-and-total-day-during-2q-2026,2026-Q2,programme average viewers x TV_SEGMENT_SHARE (US-only by construction),https://www.cnbc.com
29,ny_post,New York Post,print_digital,0.00032080,0.130562,0.450000,0.00001864,0.00002126,high,8,8,84050.000000,67240000.000000,monthly_visits_semrush,ok,Semrush website overview (US visits),https://www.semrush.com/website/nypost.com/overview/,2026-07,monthly visits / DIGITAL_ITEMS_PER_MONTH (already US-only (Semrush country split)); a visit is not a read,https://nypost.com/
30,ap,Associated Press,print_digital,0.00029241,0.114000,0.495238,0.00001589,0.00002436,high,7,7,76612.500000,61290000.000000,monthly_visits_semrush,ok,Semrush website overview (US visits),https://www.semrush.com/website/apnews.com/overview/,2026-07,monthly visits / DIGITAL_ITEMS_PER_MONTH (already US-only (Semrush country split)); a visit is not a read,https://apnews.com/
31,bbc_news,BBC News (US audience),print_digital,0.00047772,0.070688,0.441667,0.00001399,0.00001988,high,8,8,125162.500000,100130000.000000,monthly_visits_semrush,ok,Semrush website overview (US visits),https://www.semrush.com/website/bbc.com/overview/,2026-07,monthly visits / DIGITAL_ITEMS_PER_MONTH (already US-only (Semrush country split)); a visit is not a read,https://www.bbc.com/news/us-canada
32,npr,NPR (npr.org),print_digital,0.00019590,0.145750,0.487500,0.00001379,0.00001817,high,8,8,51325.000000,41060000.000000,monthly_visits_semrush,ok,Semrush website overview (US visits),https://www.semrush.com/website/npr.org/overview/,2026-07,monthly visits / DIGITAL_ITEMS_PER_MONTH (already US-only (Semrush country split)); a visit is not a read,https://www.npr.org/
33,forbes,Forbes,print_digital,0.00022481,0.122714,0.466667,0.00001226,0.00001906,high,7,7,58900.000000,47120000.000000,monthly_visits_semrush,ok,Semrush website overview (US visits),https://www.semrush.com/website/forbes.com/overview/,2026-07,monthly visits / DIGITAL_ITEMS_PER_MONTH (already US-only (Semrush country split)); a visit is not a read,https://www.forbes.com/
34,ezra_klein_show,The Ezra Klein Show,podcast,0.00042443,0.058000,0.400000,0.00000985,0.00000985,low,1,1,111200.000000,556000.000000,youtube_subscribers,ok,YouTube channel page (public count),https://www.youtube.com/channel/UCnxuOd8obvLLtf5_-YKFbiQ/about,2026-09-03,subscribers x PODCAST_EPISODE_VIEW_RATE x (1 + PODCAST_AUDIO_MULTIPLE) (UNADJUSTED: no public country split for this platform),https://www.nytimes.com/column/ezra-klein-podcast
35,huffpost,HuffPost,print_digital,0.00011846,0.166625,0.441667,0.00000863,0.00001195,high,8,8,31037.500000,24830000.000000,monthly_visits_semrush,ok,Semrush website overview (US visits),https://www.semrush.com/website/huffpost.com/overview/,2026-07,monthly visits / DIGITAL_ITEMS_PER_MONTH (already US-only (Semrush country split)); a visit is not a read,https://www.huffpost.com/
36,politico,Politico,print_digital,0.00012309,0.162312,0.425000,0.00000848,0.00001142,high,8,8,32250.000000,25800000.000000,monthly_visits_semrush,ok,Semrush website overview (US visits),https://www.semrush.com/website/politico.com/overview/,2026-07,monthly visits / DIGITAL_ITEMS_PER_MONTH (already US-only (Semrush country split)); a visit is not a read,https://www.politico.com/
37,wapo,The Washington Post,print_digital,0.00021870,0.145937,0.191667,0.00000657,0.00001720,high,8,8,57300.000000,45840000.000000,monthly_visits_semrush,ok,Semrush website overview (US visits),https://www.semrush.com/website/washingtonpost.com/overview/,2026-07,monthly visits / DIGITAL_ITEMS_PER_MONTH (already US-only (Semrush country split)); a visit is not a read,https://www.washingtonpost.com/
38,breitbart,Breitbart,print_digital,0.00013268,0.122687,0.375000,0.00000590,0.00001440,high,8,8,34762.500000,27810000.000000,monthly_visits_semrush,ok,Semrush website overview (US visits),https://www.semrush.com/website/breitbart.com/overview/,2026-07,monthly visits / DIGITAL_ITEMS_PER_MONTH (already US-only (Semrush country split)); a visit is not a read,https://www.breitbart.com/
39,business_insider,Business Insider,print_digital,0.00012739,0.113250,0.341667,0.00000560,0.00001605,high,8,8,33375.000000,26700000.000000,monthly_visits_semrush,ok,Semrush website overview (US visits),https://www.semrush.com/website/businessinsider.com/overview/,2026-07,monthly visits / DIGITAL_ITEMS_PER_MONTH (already US-only (Semrush country split)); a visit is not a read,https://www.businessinsider.com/
40,latimes,Los Angeles Times,print_digital,0.00007490,0.127688,0.495833,0.00000471,0.00000794,high,8,8,19625.000000,15700000.000000,monthly_visits_semrush,ok,Semrush website overview (US visits),https://www.semrush.com/website/latimes.com/overview/,2026-07,monthly visits / DIGITAL_ITEMS_PER_MONTH (already US-only (Semrush country split)); a visit is not a read,https://www.latimes.com/
41,atlantic,The Atlantic,print_digital,0.00006598,0.118750,0.558333,0.00000439,0.00000580,high,8,8,17287.500000,13830000.000000,monthly_visits_semrush,ok,Semrush website overview (US visits),https://www.semrush.com/website/theatlantic.com/overview/,2026-07,monthly visits / DIGITAL_ITEMS_PER_MONTH (already US-only (Semrush country split)); a visit is not a read,https://www.theatlantic.com/
42,the_hill,The Hill,print_digital,0.00011460,0.147187,0.241667,0.00000435,0.00000770,high,8,8,30025.000000,24020000.000000,monthly_visits_semrush,ok,Semrush website overview (US visits),https://www.semrush.com/website/thehill.com/overview/,2026-07,monthly visits / DIGITAL_ITEMS_PER_MONTH (already US-only (Semrush country split)); a visit is not a read,https://thehill.com/
43,newsweek,Newsweek,print_digital,0.00008822,0.100750,0.483333,0.00000420,0.00000805,high,8,8,23112.500000,18490000.000000,monthly_visits_semrush,scope_global,"Semrush website overview (worldwide visits, no US split published)",https://www.semrush.com/website/newsweek.com/overview/,2026-06,"monthly visits / DIGITAL_ITEMS_PER_MONTH (UNADJUSTED: worldwide visits, no US split published); a visit is not a read",https://www.newsweek.com/
44,axios,Axios,print_digital,0.00005940,0.134750,0.487500,0.00000388,0.00000607,high,8,8,15562.500000,12450000.000000,monthly_visits_semrush,ok,Semrush website overview (US visits),https://www.semrush.com/website/axios.com/overview/,2026-07,monthly visits / DIGITAL_ITEMS_PER_MONTH (already US-only (Semrush country split)); a visit is not a read,https://www.axios.com/
45,daily_beast,The Daily Beast,print_digital,0.00008616,0.105688,0.383333,0.00000377,0.00000829,high,8,8,22575.000000,18060000.000000,monthly_visits_semrush,scope_global,"Semrush website overview (worldwide visits, no US split published)",https://www.semrush.com/website/thedailybeast.com/overview/,2026-06,"monthly visits / DIGITAL_ITEMS_PER_MONTH (UNADJUSTED: worldwide visits, no US split published); a visit is not a read",https://www.thedailybeast.com/
46,bloomberg,Bloomberg,print_digital,0.00008597,0.138813,0.266667,0.00000310,0.00000479,high,8,8,22525.000000,18020000.000000,monthly_visits_semrush,ok,Semrush website overview (US visits),https://www.semrush.com/website/bloomberg.com/overview/,2026-07,monthly visits / DIGITAL_ITEMS_PER_MONTH (already US-only (Semrush country split)); a visit is not a read,https://www.bloomberg.com/
47,slate,Slate,print_digital,0.00004308,0.121313,0.545833,0.00000282,0.00000381,high,8,8,11287.500000,9030000.000000,monthly_visits_semrush,scope_global,"Semrush website overview (worldwide visits, no US split published)",https://www.semrush.com/website/slate.com/overview/,2026-06,"monthly visits / DIGITAL_ITEMS_PER_MONTH (UNADJUSTED: worldwide visits, no US split published); a visit is not a read",https://slate.com/
48,time,Time,print_digital,0.00005878,0.080625,0.562500,0.00000260,0.00000376,high,8,8,15400.000000,12320000.000000,monthly_visits_semrush,scope_global,"Semrush website overview (worldwide visits, no US split published)",https://www.semrush.com/website/time.com/overview/,2026-06,"monthly visits / DIGITAL_ITEMS_PER_MONTH (UNADJUSTED: worldwide visits, no US split published); a visit is not a read",https://time.com/
49,stephen_a_smith_show,The Stephen A. Smith Show,podcast,0.00106870,0.070000,0.033333,0.00000249,0.00000249,low,1,1,280000.000000,1400000.000000,youtube_subscribers,ok,YouTube channel page (public count),https://www.youtube.com/channel/UC2OREBiIbDChxvmDeg30Bsg/about,2026-09-03,subscribers x PODCAST_EPISODE_VIEW_RATE x (1 + PODCAST_AUDIO_MULTIPLE) (UNADJUSTED: no public country split for this platform),https://stephenasmith.com/
50,epoch_times,The Epoch Times,print_digital,0.00003850,0.130938,0.450000,0.00000221,0.00000379,high,8,8,10087.500000,8070000.000000,monthly_visits_semrush,scope_global,"Semrush website overview (worldwide visits, no US split published)",https://www.semrush.com/website/theepochtimes.com/overview/,2026-06,"monthly visits / DIGITAL_ITEMS_PER_MONTH (UNADJUSTED: worldwide visits, no US split published); a visit is not a read",https://www.theepochtimes.com/
51,new_yorker,The New Yorker,print_digital,0.00003922,0.087063,0.629167,0.00000217,0.00000324,high,8,8,10275.000000,8220000.000000,monthly_visits_semrush,scope_global,"Semrush website overview (worldwide visits, no US split published)",https://www.semrush.com/website/newyorker.com/overview/,2026-06,"monthly visits / DIGITAL_ITEMS_PER_MONTH (UNADJUSTED: worldwide visits, no US split published); a visit is not a read",https://www.newyorker.com/
52,daily_kos,Daily Kos,print_digital,0.00002047,0.136188,0.495833,0.00000139,0.00000222,high,8,8,5362.500000,4290000.000000,monthly_visits_semrush,scope_global,"Semrush website overview (worldwide visits, no US split published)",https://www.semrush.com/website/dailykos.com/overview/,2026-06,"monthly visits / DIGITAL_ITEMS_PER_MONTH (UNADJUSTED: worldwide visits, no US split published); a visit is not a read",https://www.dailykos.com/
53,daily_wire,The Daily Wire,print_digital,0.00001703,0.118875,0.495833,0.00000100,0.00000156,high,8,8,4462.500000,3570000.000000,monthly_visits_semrush,scope_global,"Semrush website overview (worldwide visits, no US split published)",https://www.semrush.com/website/dailywire.com/overview/,2026-06,"monthly visits / DIGITAL_ITEMS_PER_MONTH (UNADJUSTED: worldwide visits, no US split published); a visit is not a read",https://www.dailywire.com/
54,propublica,ProPublica,print_digital,0.00001283,0.090313,0.620833,0.00000073,0.00000105,high,8,8,3362.500000,2690000.000000,monthly_visits_semrush,scope_global,"Semrush website overview (worldwide visits, no US split published)",https://www.semrush.com/website/propublica.org/overview/,2026-06,"monthly visits / DIGITAL_ITEMS_PER_MONTH (UNADJUSTED: worldwide visits, no US split published); a visit is not a read",https://www.propublica.org/
55,vox,Vox,print_digital,0.00001312,0.098812,0.550000,0.00000071,0.00000113,high,8,8,3437.500000,2750000.000000,monthly_visits_semrush,ok,Semrush website overview (US visits),https://www.semrush.com/website/vox.com/overview/,2026-07,monthly visits / DIGITAL_ITEMS_PER_MONTH (already US-only (Semrush country split)); a visit is not a read,https://www.vox.com/
56,salon,Salon,print_digital,0.00001403,0.096125,0.512500,0.00000070,0.00000134,high,8,8,3675.000000,2940000.000000,monthly_visits_semrush,scope_global,"Semrush website overview (worldwide visits, no US split published)",https://www.semrush.com/website/salon.com/overview/,2026-06,"monthly visits / DIGITAL_ITEMS_PER_MONTH (UNADJUSTED: worldwide visits, no US split published); a visit is not a read",https://www.salon.com/
57,washington_examiner,Washington Examiner,print_digital,0.00000868,0.135563,0.466667,0.00000055,0.00000085,high,8,8,2275.000000,1820000.000000,monthly_visits_semrush,ok,Semrush website overview (US visits),https://www.semrush.com/website/washingtonexaminer.com/overview/,2026-07,monthly visits / DIGITAL_ITEMS_PER_MONTH (already US-only (Semrush country split)); a visit is not a read,https://www.washingtonexaminer.com/
58,theblaze,TheBlaze,print_digital,0.00001174,0.085313,0.504167,0.00000050,0.00000129,high,8,8,3075.000000,2460000.000000,monthly_visits_semrush,scope_global,"Semrush website overview (worldwide visits, no US split published)",https://www.semrush.com/website/theblaze.com/overview/,2026-06,"monthly visits / DIGITAL_ITEMS_PER_MONTH (UNADJUSTED: worldwide visits, no US split published); a visit is not a read",https://www.theblaze.com/
59,jacobin,Jacobin,print_digital,0.00000544,0.147250,0.591667,0.00000048,0.00000067,high,8,8,1425.000000,1140000.000000,monthly_visits_semrush,scope_global,"Semrush website overview (worldwide visits, no US split published)",https://www.semrush.com/website/jacobin.com/overview/,2026-06,"monthly visits / DIGITAL_ITEMS_PER_MONTH (UNADJUSTED: worldwide visits, no US split published); a visit is not a read",https://jacobin.com/
60,reason,Reason,print_digital,0.00000711,0.121938,0.537500,0.00000046,0.00000077,high,8,8,1862.500000,1490000.000000,monthly_visits_semrush,scope_global,"Semrush website overview (worldwide visits, no US split published)",https://www.semrush.com/website/reason.com/overview/,2026-06,"monthly visits / DIGITAL_ITEMS_PER_MONTH (UNADJUSTED: worldwide visits, no US split published); a visit is not a read",https://reason.com/
61,realclearpolitics,RealClearPolitics,print_digital,0.00002204,0.096500,0.233333,0.00000045,0.00000080,high,8,8,5775.000000,4620000.000000,monthly_visits_semrush,scope_global,"Semrush website overview (worldwide visits, no US split published)",https://www.semrush.com/website/realclearpolitics.com/overview/,2026-06,"monthly visits / DIGITAL_ITEMS_PER_MONTH (UNADJUSTED: worldwide visits, no US split published); a visit is not a read",https://www.realclearpolitics.com/
62,free_press,The Free Press,print_digital,0.00000835,0.101438,0.504167,0.00000045,0.00000104,high,8,8,2187.500000,1750000.000000,monthly_visits_semrush,ok,Semrush website overview (US visits),https://www.semrush.com/website/thefp.com/overview/,2026-07,monthly visits / DIGITAL_ITEMS_PER_MONTH (already US-only (Semrush country split)); a visit is not a read,https://www.thefp.com/
63,daily_caller,The Daily Caller,print_digital,0.00000897,0.088375,0.454167,0.00000035,0.00000072,high,8,8,2350.000000,1880000.000000,monthly_visits_semrush,scope_global,"Semrush website overview (worldwide visits, no US split published)",https://www.semrush.com/website/dailycaller.com/overview/,2026-06,"monthly visits / DIGITAL_ITEMS_PER_MONTH (UNADJUSTED: worldwide visits, no US split published); a visit is not a read",https://dailycaller.com/
64,mother_jones,Mother Jones,print_digital,0.00000582,0.108000,0.558333,0.00000035,0.00000046,high,8,8,1525.000000,1220000.000000,monthly_visits_semrush,scope_global,"Semrush website overview (worldwide visits, no US split published)",https://www.semrush.com/website/motherjones.com/overview/,2026-06,"monthly visits / DIGITAL_ITEMS_PER_MONTH (UNADJUSTED: worldwide visits, no US split published); a visit is not a read",https://www.motherjones.com/
65,federalist,The Federalist,print_digital,0.00000525,0.118563,0.520833,0.00000033,0.00000073,high,8,8,1375.000000,1100000.000000,monthly_visits_semrush,scope_global,"Semrush website overview (worldwide visits, no US split published)",https://www.semrush.com/website/thefederalist.com/overview/,2026-06,"monthly visits / DIGITAL_ITEMS_PER_MONTH (UNADJUSTED: worldwide visits, no US split published); a visit is not a read",https://thefederalist.com/
66,the_nation,The Nation,print_digital,0.00000409,0.102750,0.604167,0.00000026,0.00000040,high,8,8,1071.612500,857290.000000,monthly_visits_semrush,scope_global,"Semrush website overview (worldwide visits, no US split published)",https://www.semrush.com/website/thenation.com/overview/,2026-06,"monthly visits / DIGITAL_ITEMS_PER_MONTH (UNADJUSTED: worldwide visits, no US split published); a visit is not a read",https://www.thenation.com/
67,daily_signal,The Daily Signal,print_digital,0.00000460,0.111063,0.458333,0.00000023,0.00000038,high,8,8,1206.062500,964850.000000,monthly_visits_semrush,scope_global,"Semrush website overview (worldwide visits, no US split published)",https://www.semrush.com/website/dailysignal.com/overview/,2026-06,"monthly visits / DIGITAL_ITEMS_PER_MONTH (UNADJUSTED: worldwide visits, no US split published); a visit is not a read",https://www.dailysignal.com/
,newsmax,Newsmax,cable,0.00048092,,,,,low,0,0,126000.000000,126000.000000,avg_total_day_viewers,ok,Nielsen via MediaPost (July 2026 monthly),https://www.mediapost.com/publications/article/416906/ms-now-cnn-newsnation-viewing-up-in-july.html,2026-07,programme average viewers x TV_SEGMENT_SHARE (US-only by construction),https://www.newsmax.com
,newsnation,NewsNation,cable,0.00025954,,,,,low,0,0,68000.000000,68000.000000,avg_total_day_viewers,ok,Nielsen via MediaPost (July 2026 monthly),https://www.mediapost.com/publications/article/416906/ms-now-cnn-newsnation-viewing-up-in-july.html,2026-07,programme average viewers x TV_SEGMENT_SHARE (US-only by construction),https://www.newsnationnow.com
,oan,One America News Network,cable,,,,,,low,8,0,,,,unsourced,,,,no sourced reach figure,https://www.oann.com
,american_conservative,The American Conservative,print_digital,,,,,,low,7,0,,,,unsourced,,,,no sourced reach figure,https://www.theamericanconservative.com/
,bulwark,The Bulwark,print_digital,,,,,,low,4,0,,,,unsourced,,,,no sourced reach figure,https://www.thebulwark.com/
,buzzfeed_news,BuzzFeed News,print_digital,,,,,,low,0,0,,,,unsourced,,,,no sourced reach figure,https://www.buzzfeednews.com/
,dispatch,The Dispatch,print_digital,,,,,,low,6,0,,,,unsourced,,,,no sourced reach figure,https://thedispatch.com/
,intercept,The Intercept,print_digital,,,,,,low,8,0,,,,unsourced,,,,no sourced reach figure,https://theintercept.com/
,national_review,National Review,print_digital,,,,,,low,0,0,,,,unsourced,,,,no sourced reach figure,https://www.nationalreview.com/
,new_republic,The New Republic,print_digital,,,,,,low,8,0,,,,unsourced,,,,no sourced reach figure,https://newrepublic.com/
,puck,Puck,print_digital,,,,,,low,0,0,,,,unsourced,,,,no sourced reach figure,https://puck.news/
,reuters,Reuters,print_digital,0.00018416,,,,,low,0,0,48250.000000,38600000.000000,monthly_visits_semrush,ok,Semrush website overview (US visits),https://www.semrush.com/website/reuters.com/overview/,2026-07,monthly visits / DIGITAL_ITEMS_PER_MONTH (already US-only (Semrush country split)); a visit is not a read,https://www.reuters.com/
,semafor,Semafor,print_digital,,,,,,low,8,0,,,,unsourced,,,,no sourced reach figure,https://www.semafor.com/
,usa_today,USA Today,print_digital,0.00034866,,,,,low,0,0,91350.000000,73080000.000000,monthly_visits_semrush,ok,Semrush website overview (US visits),https://www.semrush.com/website/usatoday.com/overview/,2026-07,monthly visits / DIGITAL_ITEMS_PER_MONTH (already US-only (Semrush country split)); a visit is not a read,https://www.usatoday.com/
,washington_times,The Washington Times,print_digital,0.00000544,,,,,low,0,0,1425.000000,1140000.000000,monthly_visits_semrush,scope_global,"Semrush website overview (worldwide visits, no US split published)",https://www.semrush.com/website/washingtontimes.com/overview/,2026-06,"monthly visits / DIGITAL_ITEMS_PER_MONTH (UNADJUSTED: worldwide visits, no US split published); a visit is not a read",https://www.washingtontimes.com/
,wsj,The Wall Street Journal,print_digital,0.00018402,,,,,low,0,0,48212.500000,38570000.000000,monthly_visits_semrush,ok,Semrush website overview (US visits),https://www.semrush.com/website/wsj.com/overview/,2026-07,monthly visits / DIGITAL_ITEMS_PER_MONTH (already US-only (Semrush country split)); a visit is not a read,https://www.wsj.com/
,glenn_greenwald,Glenn Greenwald / System Update,newsletter,,,,,,low,1,0,,310000.000000,subscribers_self_reported,self_reported,Publication page (self-reported),https://greenwald.substack.com/,2026-09-03,no conversion rule for unit 'subscribers_self_reported',https://greenwald.substack.com
,letters_from_an_american,Letters from an American (Heather Cox Richardson),newsletter,,,,,,low,8,0,,2900000.000000,subscribers_self_reported,self_reported,Publication page (self-reported),https://heathercoxrichardson.substack.com/,2026-09-03,no conversion rule for unit 'subscribers_self_reported',https://heathercoxrichardson.substack.com
,persuasion,Persuasion (Yascha Mounk),newsletter,,,,,,low,7,0,,127000.000000,subscribers_self_reported,self_reported,Publication page (self-reported),https://www.persuasion.community/,2026-09-03,no conversion rule for unit 'subscribers_self_reported',https://www.persuasion.community
,popular_information,Popular Information (Judd Legum),newsletter,,,,,,low,8,0,,541000.000000,subscribers_self_reported,self_reported,Publication page (self-reported),https://popular.info/,2026-09-03,no conversion rule for unit 'subscribers_self_reported',https://popular.info
,public_notice,Public Notice (Aaron Rupar),newsletter,,,,,,low,8,0,,270000.000000,subscribers_self_reported,self_reported,Publication page (self-reported),https://www.publicnotice.co/,2026-09-03,no conversion rule for unit 'subscribers_self_reported',https://www.publicnotice.co
,public_shellenberger,Public (Michael Shellenberger),newsletter,,,,,,low,4,0,,204000.000000,subscribers_self_reported,self_reported,Publication page (self-reported),https://www.public.news/,2026-09-03,no conversion rule for unit 'subscribers_self_reported',https://www.public.news
,punchbowl_news,Punchbowl News,newsletter,,,,,,low,0,0,,,,unsourced,,,,no sourced reach figure,https://punchbowl.news
,racket_news,Racket News (Matt Taibbi),newsletter,,,,,,low,1,0,,442000.000000,subscribers_self_reported,self_reported,Publication page (self-reported),https://www.racket.news/,2026-09-03,no conversion rule for unit 'subscribers_self_reported',https://www.racket.news
,robert_reich,Robert Reich,newsletter,,,,,,low,8,0,,1100000.000000,subscribers_self_reported,self_reported,Publication page (self-reported),https://robertreich.substack.com/,2026-09-03,no conversion rule for unit 'subscribers_self_reported',https://robertreich.substack.com
,silver_bulletin,Silver Bulletin (Nate Silver),newsletter,,,,,,low,8,0,,324000.000000,subscribers_self_reported,self_reported,Publication page (self-reported),https://www.natesilver.net/,2026-09-03,no conversion rule for unit 'subscribers_self_reported',https://www.natesilver.net
,slow_boring,Slow Boring (Matthew Yglesias),newsletter,,,,,,low,8,0,,200000.000000,subscribers_self_reported,self_reported,Publication page (self-reported),https://www.slowboring.com/,2026-09-03,no conversion rule for unit 'subscribers_self_reported',https://www.slowboring.com
,tangle,Tangle (Isaac Saul),newsletter,,,,,,low,7,0,,500000.000000,subscribers_self_reported,self_reported,Publication page (self-reported),https://www.readtangle.com/,2026-09-03,no conversion rule for unit 'subscribers_self_reported',https://www.readtangle.com
,the_contrarian,The Contrarian (Jennifer Rubin),newsletter,,,,,,low,8,0,,477000.000000,subscribers_self_reported,self_reported,Publication page (self-reported),https://www.contrariannews.org/,2026-09-03,no conversion rule for unit 'subscribers_self_reported',https://www.contrariannews.org
,weekly_dish,The Weekly Dish (Andrew Sullivan),newsletter,,,,,,low,4,0,,194000.000000,subscribers_self_reported,self_reported,Publication page (self-reported),https://andrewsullivan.substack.com/,2026-09-03,no conversion rule for unit 'subscribers_self_reported',https://andrewsullivan.substack.com
,zeteo,Zeteo (Mehdi Hasan),newsletter,,,,,,low,8,0,,707000.000000,subscribers_self_reported,self_reported,Publication page (self-reported),https://zeteo.com/,2026-09-03,no conversion rule for unit 'subscribers_self_reported',https://zeteo.com
,all_in_podcast,All-In Podcast,podcast,0.00085496,,,,,low,0,0,224000.000000,1120000.000000,youtube_subscribers,ok,YouTube channel page (public count),https://www.youtube.com/channel/UCESLZhusAkFfsNsApnjF_Cg/about,2026-09-03,subscribers x PODCAST_EPISODE_VIEW_RATE x (1 + PODCAST_AUDIO_MULTIPLE) (UNADJUSTED: no public country split for this platform),https://allin.com/
,bannon_war_room,Bannon's War Room,podcast,,,,,,low,0,0,,,,unsourced,,,,no sourced reach figure,https://warroom.org/
,ben_shapiro_show,The Ben Shapiro Show,podcast,0.00532824,,,,,low,0,0,1396000.000000,6980000.000000,youtube_subscribers,ok,YouTube channel page (public count),https://www.youtube.com/channel/UCnQC_G5Xsjhp9fEJKuIcrSw/about,2026-09-03,subscribers x PODCAST_EPISODE_VIEW_RATE x (1 + PODCAST_AUDIO_MULTIPLE) (UNADJUSTED: no public country split for this platform),https://www.dailywire.com/show/the-ben-shapiro-show
,candace_owens,Candace (Candace Owens),podcast,0.00464122,,,,,low,0,0,1216000.000000,6080000.000000,youtube_subscribers,ok,YouTube channel page (public count),https://www.youtube.com/channel/UCL0u5uz7KZ9q-pe-VC8TY-w/about,2026-09-03,subscribers x PODCAST_EPISODE_VIEW_RATE x (1 + PODCAST_AUDIO_MULTIPLE) (UNADJUSTED: no public country split for this platform),https://candaceowens.com/
,david_pakman_show,The David Pakman Show,podcast,0.00279389,,,,,low,0,0,732000.000000,3660000.000000,youtube_subscribers,ok,YouTube channel page (public count),https://www.youtube.com/channel/UCvixJtaXuNdMPUGdOPcY8Ag/about,2026-09-03,subscribers x PODCAST_EPISODE_VIEW_RATE x (1 + PODCAST_AUDIO_MULTIPLE) (UNADJUSTED: no public country split for this platform),https://davidpakman.com/
,hasan_piker,Hasan Piker (HasanAbi),podcast,0.00148855,,,,,low,0,0,390000.000000,1950000.000000,youtube_subscribers,ok,YouTube channel page (public count),https://www.youtube.com/channel/UCtoaZpBnrd0lhycxYJ4MNOQ/about,2026-09-03,subscribers x PODCAST_EPISODE_VIEW_RATE x (1 + PODCAST_AUDIO_MULTIPLE) (UNADJUSTED: no public country split for this platform),https://www.twitch.tv/hasanabi
,joe_rogan_experience,The Joe Rogan Experience,podcast,0.016107,,,,,low,0,0,4220000.000000,21100000.000000,youtube_subscribers,ok,YouTube channel page (public count),https://www.youtube.com/channel/UCzQUP1qoWDoEbmsQxvdjxgQ/about,2026-09-03,subscribers x PODCAST_EPISODE_VIEW_RATE x (1 + PODCAST_AUDIO_MULTIPLE) (UNADJUSTED: no public country split for this platform),https://www.joerogan.com/
,matt_walsh_show,The Matt Walsh Show,podcast,0.00263359,,,,,low,0,0,690000.000000,3450000.000000,youtube_subscribers,ok,YouTube channel page (public count),https://www.youtube.com/channel/UCO01ytfzgXYy4glnPJm4PPQ/about,2026-09-03,subscribers x PODCAST_EPISODE_VIEW_RATE x (1 + PODCAST_AUDIO_MULTIPLE) (UNADJUSTED: no public country split for this platform),https://www.dailywire.com/show/the-matt-walsh-show
,meidastouch,MeidasTouch,podcast,0.00492366,,,,,low,0,0,1290000.000000,6450000.000000,youtube_subscribers,ok,YouTube channel page (public count),https://www.youtube.com/channel/UC9r9HYFxEQOBXSopFS61ZWg/about,2026-09-03,subscribers x PODCAST_EPISODE_VIEW_RATE x (1 + PODCAST_AUDIO_MULTIPLE) (UNADJUSTED: no public country split for this platform),https://meidasnews.com/
,michael_knowles_show,The Michael Knowles Show,podcast,0.00199237,,,,,low,0,0,522000.000000,2610000.000000,youtube_subscribers,ok,YouTube channel page (public count),https://www.youtube.com/channel/UCr4kgAUTFkGIwlWSodg43QA/about,2026-09-03,subscribers x PODCAST_EPISODE_VIEW_RATE x (1 + PODCAST_AUDIO_MULTIPLE) (UNADJUSTED: no public country split for this platform),https://www.dailywire.com/show/the-michael-knowles-show
,morning_wire,Morning Wire (Daily Wire),podcast,0.00001618,,,,,low,0,0,4240.000000,21200.000000,youtube_subscribers,ok,YouTube channel page (public count),https://www.youtube.com/channel/UCxUQLGMbb2cI8CqiwZ0WhAQ/about,2026-09-03,subscribers x PODCAST_EPISODE_VIEW_RATE x (1 + PODCAST_AUDIO_MULTIPLE) (UNADJUSTED: no public country split for this platform),https://www.dailywire.com/show/morning-wire
,npr_up_first,Up First (NPR),podcast,0.00066565,,,,,low,0,0,174400.000000,872000.000000,youtube_subscribers,ok,YouTube channel page (public count),https://www.youtube.com/channel/UCJnS2EsPfv46u1JR8cnD0NA/about,2026-09-03,subscribers x PODCAST_EPISODE_VIEW_RATE x (1 + PODCAST_AUDIO_MULTIPLE) (UNADJUSTED: no public country split for this platform),https://www.npr.org/podcasts/510318/up-first
,nyt_the_daily,The Daily (NYT),podcast,0.00039542,,,,,low,0,0,103600.000000,518000.000000,youtube_subscribers,ok,YouTube channel page (public count),https://www.youtube.com/channel/UCkdnY2hNC0sdlVXPtWuNQ8g/about,2026-09-03,subscribers x PODCAST_EPISODE_VIEW_RATE x (1 + PODCAST_AUDIO_MULTIPLE) (UNADJUSTED: no public country split for this platform),https://www.nytimes.com/column/the-daily
,pod_save_america,Pod Save America,podcast,0.00097710,,,,,low,0,0,256000.000000,1280000.000000,youtube_subscribers,ok,YouTube channel page (public count),https://www.youtube.com/channel/UCKRoXz3hHAu2XL_k3Ef4vJQ/about,2026-09-03,subscribers x PODCAST_EPISODE_VIEW_RATE x (1 + PODCAST_AUDIO_MULTIPLE) (UNADJUSTED: no public country split for this platform),https://crooked.com/podcast-series/pod-save-america/
,real_time_bill_maher,Real Time with Bill Maher,podcast,0.00226718,,,,,low,0,0,594000.000000,2970000.000000,youtube_subscribers,ok,YouTube channel page (public count),https://www.youtube.com/channel/UCy6kyFxaMqGtpE3pQTflK8A/about,2026-09-03,subscribers x PODCAST_EPISODE_VIEW_RATE x (1 + PODCAST_AUDIO_MULTIPLE) (UNADJUSTED: no public country split for this platform),https://www.billmaher.com/
,timcast_irl,Timcast IRL,podcast,0.00211450,,,,,low,0,0,554000.000000,2770000.000000,youtube_subscribers,ok,YouTube channel page (public count),https://www.youtube.com/channel/UCLwNTXWEjVd2qIHLcXxQWxA/about,2026-09-03,subscribers x PODCAST_EPISODE_VIEW_RATE x (1 + PODCAST_AUDIO_MULTIPLE) (UNADJUSTED: no public country split for this platform),https://timcast.com/
,tucker_carlson_show,The Tucker Carlson Show,podcast,0.00438168,,,,,low,0,0,1148000.000000,5740000.000000,youtube_subscribers,ok,YouTube channel page (public count),https://www.youtube.com/channel/UCGttrUON87gWfU6dMWm1fcA/about,2026-09-03,subscribers x PODCAST_EPISODE_VIEW_RATE x (1 + PODCAST_AUDIO_MULTIPLE) (UNADJUSTED: no public country split for this platform),https://tuckercarlson.com/
,young_turks,The Young Turks,podcast,0.00512214,,,,,low,0,0,1342000.000000,6710000.000000,youtube_subscribers,ok,YouTube channel page (public count),https://www.youtube.com/channel/UC1yBKRuGpC1tSM73A0ZjYjQ/about,2026-09-03,subscribers x PODCAST_EPISODE_VIEW_RATE x (1 + PODCAST_AUDIO_MULTIPLE) (UNADJUSTED: no public country split for this platform),https://tyt.com/
,1a,1A (WAMU/NPR),radio,,,,,,low,1,0,,,,unsourced,,,,no sourced reach figure,https://the1a.org/
,brian_kilmeade_show,The Brian Kilmeade Show,radio,0.00458015,,,,,low,0,0,1200000.000000,6000000.000000,weekly_listeners,secondary,Talkers estimate via Wikipedia (List of most-listened-to radio programs),https://en.wikipedia.org/wiki/List_of_most-listened-to_radio_programs,,weekly cume / RADIO_EPISODES_PER_WEEK (US-only by construction); cume overlap not modelled,https://radio.foxnews.com/fox-news-talk/brian-kilmeade/
,dan_bongino_show,The Dan Bongino Show,radio,0.00667939,,,,,low,0,0,1750000.000000,8750000.000000,weekly_listeners,secondary,Talkers estimate via Wikipedia (List of most-listened-to radio programs),https://en.wikipedia.org/wiki/List_of_most-listened-to_radio_programs,,weekly cume / RADIO_EPISODES_PER_WEEK (US-only by construction); cume overlap not modelled,https://bongino.com/
,democracy_now,Democracy Now!,radio,,,,,,low,8,0,,,,unsourced,,,,no sourced reach figure,https://www.democracynow.org/
,erick_erickson_show,The Erick Erickson Show,radio,,,,,,low,7,0,,,,unsourced,,,,no sourced reach figure,https://erickerickson.com/
,glenn_beck_program,The Glenn Beck Program,radio,0.00763359,,,,,low,0,0,2000000.000000,10000000.000000,weekly_listeners,secondary,Talkers estimate via Wikipedia (List of most-listened-to radio programs),https://en.wikipedia.org/wiki/List_of_most-listened-to_radio_programs,,weekly cume / RADIO_EPISODES_PER_WEEK (US-only by construction); cume overlap not modelled,https://www.glennbeck.com/
,sean_hannity_show,The Sean Hannity Show,radio,0.011069,,,,,low,0,0,2900000.000000,14500000.000000,weekly_listeners,secondary,Talkers estimate via Wikipedia (List of most-listened-to radio programs),https://en.wikipedia.org/wiki/List_of_most-listened-to_radio_programs,,weekly cume / RADIO_EPISODES_PER_WEEK (US-only by construction); cume overlap not modelled,https://hannity.com/
,the_daily_show,The Daily Show,tv,,,,,,low,1,0,,,,unsourced,,,,no sourced reach figure,https://www.cc.com/fan-hub/the-daily-show
